{
  "name": "feedback_me",
  "title": "jQuery Feedback Plugin",
  "description": "This jQuery plug-in allows user to easily add an animatable UI widget with a feedback form which slides from the side of the screen.",
  "keywords": [
    "jquery",
    "feedback",
    "plugin"
  ],
  "version": "0.3.1",
  "author": {
    "name": "Daniel Reznick",
    "url": "https://github.com/vedmack"
  },
  "licenses": [
    {
      "type": "MIT",
      "url": "http://www.opensource.org/licenses/mit-license.php"
    }
  ],
  "bugs": "https://github.com/vedmack/feedback_me/issues",
  "homepage": "http://feedback-me.appspot.com/",
  "docs": "https://github.com/vedmack/feedback_me/blob/master/README.md",
  "download": "https://github.com/vedmack/feedback_me/archive/master.zip",
  "dependencies": {
    "jquery": ">=1.4",
	"jqueryui": ">=1.7"
  }
}
